height,width,time,type,scrollX,scrollY
810,1535,740.435,mousemove,0,0
810,1535,814.435,mousemove,0,0
810,1535,1162.435,mousemove,0,0
810,1535,1187.435,mousemove,0,0
810,1535,1199.435,mousemove,0,0
810,1535,1212.435,mousemove,0,0
810,1535,1224.435,mousemove,0,0
810,1535,1236.435,mousemove,0,0
810,1535,1249.435,mousemove,0,0
810,1535,1261.435,mousemove,0,0
810,1535,1274.435,mouseout,0,0
810,1535,1274.435,mouseover,0,0
810,1535,1274.435,mousemove,0,0
810,1535,1286.435,mousemove,0,0
810,1535,1298.435,mousemove,0,0
810,1535,1311.435,mousemove,0,0
810,1535,1323.435,mousemove,0,0
810,1535,1336.435,mouseout,0,0
810,1535,1336.435,mouseover,0,0
810,1535,1336.435,mousemove,0,0
810,1535,1348.435,mousemove,0,0
810,1535,1361.435,mousemove,0,0
810,1535,1374.435,mousemove,0,0
810,1535,1386.435,mousemove,0,0
810,1535,1398.435,mousemove,0,0
810,1535,1410.435,mousemove,0,0
810,1535,1572.435,mousemove,0,0
810,1535,1584.435,mousemove,0,0
810,1535,1597.435,mousemove,0,0
810,1535,1609.435,mousemove,0,0
810,1535,1622.435,mousemove,0,0
810,1535,1634.435,mousemove,0,0
810,1535,1647.435,mousemove,0,0
810,1535,1659.435,mousemove,0,0
810,1535,1672.435,mousemove,0,0
810,1535,1684.435,mousemove,0,0
810,1535,1697.435,mousemove,0,0
810,1535,1709.435,mousemove,0,0
810,1535,1722.435,mousemove,0,0
810,1535,1734.435,mousemove,0,0
810,1535,1747.435,mousemove,0,0
810,1535,1759.435,mousemove,0,0
810,1535,1772.435,mousemove,0,0
810,1535,1784.435,mousemove,0,0
810,1535,1796.435,mousemove,0,0
810,1535,1809.435,mousemove,0,0
810,1535,1821.435,mousemove,0,0
810,1535,1834.435,mousemove,0,0
810,1535,1846.435,mousemove,0,0
810,1535,1858.435,mousemove,0,0
810,1535,1870.435,mousemove,0,0
810,1535,1883.435,mousemove,0,0
810,1535,1895.435,mousemove,0,0
810,1535,1908.435,mousemove,0,0
810,1535,1920.435,mousemove,0,0
810,1535,1945.435,mousemove,0,0
810,1535,1957.435,mousemove,0,0
810,1535,2007.435,mousemove,0,0
810,1535,2019.435,mousemove,0,0
810,1535,2032.435,mousedown,0,0
810,1535,2034.45,scroll,0,23
810,1535,2045.79,scroll,0,70
810,1535,2058.155,scroll,0,134
810,1535,2070.8,scroll,0,268
810,1535,2095.545,scroll,0,350
810,1535,2110.075,scroll,0,455
810,1535,2120.745,scroll,0,670
810,1535,2145.73,scroll,0,793
810,1535,2157.83,scroll,0,933
810,1535,2171.92,scroll,0,1190
810,1535,2195.19,scroll,0,1336
810,1535,2207.38,scroll,0,1487
810,1535,2220.93,scroll,0,1773
810,1535,2244.575,scroll,0,1931
810,1535,2256.85,scroll,0,2082
810,1535,2270.88,scroll,0,2368
810,1535,2294.235,scroll,0,2526
810,1535,2307.205,scroll,0,2695
810,1535,2321.14,scroll,0,3016
810,1535,2343.885,scroll,0,3179
810,1535,2356.155,scroll,0,3325
810,1535,2371.6,scroll,0,3564
810,1535,2395.195,scroll,0,3658
810,1535,2406.26,scroll,0,3740
810,1535,3015.945,scroll,0,3704
810,1535,3028.065,scroll,0,3500
810,1535,3040.31,scroll,0,2963
810,1535,3065.31,scroll,0,2631
810,1535,3077.675,scroll,0,2310
810,1535,3091.235,scroll,0,1709
810,1535,3114.95,scroll,0,1470
810,1535,3127.6,scroll,0,1254
810,1535,3140.255,scroll,0,863
810,1535,3164.74,scroll,0,682
810,1535,3177.19,scroll,0,495
810,1535,3189.745,scroll,0,140
810,1535,3214.23,scroll,0,5
810,1535,3226.435,scroll,0,0
810,1535,3947.465,scroll,0,58
810,1535,3960.215,scroll,0,303
810,1535,3973.095,scroll,0,881
810,1535,3997.22,scroll,0,1201
810,1535,4009.51,scroll,0,1540
810,1535,4024.04,scroll,0,2328
810,1535,4046.91,scroll,0,2753
810,1535,4059.535,scroll,0,3197
810,1535,4073.43,scroll,0,3740
810,1535,4308.06,scroll,0,3465
810,1535,4333.18,scroll,0,3150
810,1535,4345.34,scroll,0,2783
810,1535,4359.32,scroll,0,1954
810,1535,4382.59,scroll,0,1517
810,1535,4395.395,scroll,0,1079
810,1535,4409.14,scroll,0,192
810,1535,4432.325,scroll,0,0
810,1535,4656.43,scroll,0,997
810,1535,4680.575,scroll,0,1604
810,1535,4693.13,scroll,0,2228
810,1535,4710.27,scroll,0,3395
810,1535,4730.465,scroll,0,3740
810,1535,4954.48,scroll,0,3524
810,1535,4967.25,scroll,0,3028
810,1535,4979.845,scroll,0,2433
810,1535,4993.175,scroll,0,1236
810,1535,5016.82,scroll,0,740
810,1535,5029.595,scroll,0,350
810,1535,5046.14,scroll,0,0
810,1535,5265.11,scroll,0,192
810,1535,5278.73,scroll,0,834
810,1535,5302.205,scroll,0,1207
810,1535,5314.855,scroll,0,1575
810,1535,5327.19,scroll,0,1948
810,1535,5342.735,scroll,0,2660
810,1535,5364.395,scroll,0,2969
810,1535,5376.885,scroll,0,3424
810,1535,5401.805,scroll,0,3541
810,1535,5414.515,scroll,0,3588
810,1535,5427.075,scroll,0,3611
810,1535,5451.525,scroll,0,3617
810,1535,5501.255,scroll,0,3599
810,1535,5513.93,scroll,0,3529
810,1535,5526.31,scroll,0,2946
810,1535,5550.43,scroll,0,2421
810,1535,5563.04,scroll,0,1832
810,1535,5575.325,scroll,0,805
810,1535,5600.05,scroll,0,437
810,1535,5612.58,scroll,0,157
810,1535,5625.445,scroll,0,0
810,1535,5811.34,scroll,0,11
810,1535,5825.45,scroll,0,315
810,1535,5848.72,scroll,0,536
810,1535,5863.11,scroll,0,1079
810,1535,5886.145,scroll,0,1411
810,1535,5899.6,scroll,0,1756
810,1535,5911.535,scroll,0,2403
810,1535,5936.555,scroll,0,2643
810,1535,5949.375,scroll,0,2864
810,1535,5961.21,scroll,0,3098
810,1535,5985.53,scroll,0,3121
810,1535,5998.115,scroll,0,3133
810,1535,6060.065,scroll,0,3010
810,1535,6085.165,scroll,0,2736
810,1535,6097.655,scroll,0,2281
810,1535,6112.72,scroll,0,1061
810,1535,6134.855,scroll,0,519
810,1535,6148.455,scroll,0,105
810,1535,6159.94,scroll,0,0
810,1535,6458.57,scroll,0,542
810,1535,6485.33,scroll,0,892
810,1535,6497.165,scroll,0,1616
810,1535,6519.78,scroll,0,1966
810,1535,6532.455,scroll,0,2322
810,1535,6546.31,scroll,0,2917
810,1535,6569.665,scroll,0,3127
810,1535,6582.07,scroll,0,3290
810,1535,6596.02,scroll,0,3489
810,1535,6619.425,scroll,0,3529
810,1535,6631.86,scroll,0,3547
810,1535,6644.48,scroll,0,3564
810,1535,6669.255,scroll,0,3570
810,1535,6743.74,scroll,0,3553
810,1535,7016.435,mouseup,0,3553
810,1535,7128.435,mousemove,0,3553
810,1535,7140.435,mousemove,0,3553
810,1535,7152.435,mouseout,0,3553
810,1535,7152.435,mouseover,0,3553
810,1535,7152.435,mousemove,0,3553
810,1535,7165.435,mousemove,0,3553
810,1535,7177.435,mousemove,0,3553
810,1535,7189.435,mousemove,0,3553
810,1535,7203.435,mousemove,0,3553
810,1535,7215.435,mouseout,0,3553
810,1535,7215.435,mouseover,0,3553
810,1535,7215.435,mousemove,0,3553
810,1535,7228.435,mousemove,0,3553
810,1535,7240.435,mouseout,0,3553
810,1535,7240.435,mouseover,0,3553
810,1535,7240.435,mousemove,0,3553
810,1535,7253.435,mouseout,0,3553
810,1535,7253.435,mouseover,0,3553
810,1535,7253.435,mousemove,0,3553
810,1535,7264.435,mouseout,0,3553
810,1535,7264.435,mouseover,0,3553
810,1535,7264.435,mousemove,0,3553
810,1535,7276.435,mousemove,0,3553
810,1535,7289.435,mousemove,0,3553
810,1535,7301.435,mousemove,0,3553
810,1535,7313.435,mousemove,0,3553
810,1535,7327.435,mousemove,0,3553
810,1535,7339.435,mousemove,0,3553
810,1535,7352.435,mousemove,0,3553
810,1535,7363.435,mousemove,0,3553
810,1535,7376.435,mousemove,0,3553
810,1535,7388.435,mousemove,0,3553
810,1535,7401.435,mousemove,0,3553
810,1535,7413.435,mousemove,0,3553
810,1535,7426.435,mouseout,0,3553
810,1535,7426.435,mouseover,0,3553
810,1535,7426.435,mousemove,0,3553
810,1535,7438.435,mousemove,0,3553
810,1535,7451.435,mousemove,0,3553
810,1535,7463.435,mousemove,0,3553
810,1535,7476.435,mouseout,0,3553
810,1535,7476.435,mouseover,0,3553
810,1535,7476.435,mousemove,0,3553
810,1535,7489.435,mouseout,0,3553
810,1535,7489.435,mouseover,0,3553
810,1535,7489.435,mousemove,0,3553
810,1535,7500.435,mousemove,0,3553
810,1535,7512.435,mouseout,0,3553
810,1535,7512.435,mouseover,0,3553
810,1535,7512.435,mousemove,0,3553
810,1535,7525.435,mousemove,0,3553
810,1535,7537.435,mouseout,0,3553
810,1535,7537.435,mouseover,0,3553
810,1535,7537.435,mousemove,0,3553
810,1535,7550.435,mousemove,0,3553
810,1535,7562.435,mouseout,0,3553
810,1535,7562.435,mouseover,0,3553
810,1535,7562.435,mousemove,0,3553
810,1535,7575.435,mouseout,0,3553
810,1535,7575.435,mouseover,0,3553
810,1535,7575.435,mousemove,0,3553
810,1535,7587.435,mousemove,0,3553
810,1535,7600.435,mousemove,0,3553
810,1535,7613.435,mousemove,0,3553
810,1535,7625.435,mousemove,0,3553
810,1535,7638.435,mouseout,0,3553
810,1535,7638.435,mouseover,0,3553
810,1535,7638.435,mousemove,0,3553
810,1535,7650.435,mousemove,0,3553
810,1535,7663.435,mouseout,0,3553
810,1535,7663.435,mouseover,0,3553
810,1535,7663.435,mousemove,0,3553
810,1535,7674.435,mousemove,0,3553
810,1535,7687.435,mousemove,0,3553
810,1535,7699.435,mousemove,0,3553
810,1535,7712.435,mousemove,0,3553
810,1535,7724.435,mousemove,0,3553
810,1535,7736.435,mousemove,0,3553
810,1535,7749.435,mousemove,0,3553
810,1535,7761.435,mousemove,0,3553
810,1535,7774.435,mousemove,0,3553
810,1535,7786.435,mousemove,0,3553
810,1535,7799.435,mousemove,0,3553
810,1535,7811.435,mousemove,0,3553
810,1535,7824.435,mousemove,0,3553
810,1535,7910.435,mousemove,0,3553
810,1535,7923.435,mousemove,0,3553
810,1535,7935.435,mousemove,0,3553
810,1535,7948.435,mousemove,0,3553
810,1535,7960.435,mousemove,0,3553
810,1535,7973.435,mousemove,0,3553
810,1535,7986.435,mousemove,0,3553
810,1535,7998.435,mouseout,0,3553
810,1535,7998.435,mouseover,0,3553
810,1535,7998.435,mousemove,0,3553
810,1535,8011.435,mousemove,0,3553
810,1535,8023.435,mousemove,0,3553
810,1535,8036.435,mousemove,0,3553
810,1535,8047.435,mousemove,0,3553
810,1535,8060.435,mousemove,0,3553
810,1535,8072.435,mousemove,0,3553
810,1535,8085.435,mousemove,0,3553
810,1535,8097.435,mousemove,0,3553
810,1535,8110.435,mousemove,0,3553
810,1535,8309.435,mousemove,0,3553
810,1535,8321.435,mousemove,0,3553
810,1535,8333.435,mousemove,0,3553
810,1535,8345.435,mousemove,0,3553
810,1535,8346.435,mousedown,0,3553
810,1535,8358.435,mousemove,0,3553
810,1535,8358.435,mouseup,0,3553
810,1535,8358.435,click,0,3553
810,1535,8370.435,mousemove,0,3553
810,1535,8383.435,mousemove,0,3553
810,1535,8395.435,mousemove,0,3553
810,1535,8408.435,mousemove,0,3553
810,1535,8420.435,mousemove,0,3553
810,1535,8433.435,mousemove,0,3553
810,1535,8457.435,mousemove,0,3553
810,1535,8594.435,mousemove,0,3553
810,1535,8694.435,mousedown,0,3553
810,1535,8730.435,mouseup,0,3553
810,1535,8730.435,click,0,3553
810,1535,8980.435,mousemove,0,3553
810,1535,8992.435,mousemove,0,3553
810,1535,9005.435,mousemove,0,3553
810,1535,9018.435,mousemove,0,3553
810,1535,9042.435,mousemove,0,3553
810,1535,9054.435,mousemove,0,3553
810,1535,9067.435,mousemove,0,3553
810,1535,9079.435,mousemove,0,3553
810,1535,9091.435,mousemove,0,3553
810,1535,9104.435,mouseout,0,3553
810,1535,9104.435,mouseover,0,3553
810,1535,9104.435,mousemove,0,3553
810,1535,9117.435,mousemove,0,3553
810,1535,9129.435,mousemove,0,3553
810,1535,9142.435,mousemove,0,3553
810,1535,9166.435,mousemove,0,3553
810,1535,9241.435,mousedown,0,3553
810,1535,9244.595,focusin,0,3553
810,1535,9278.435,mouseup,0,3553
810,1535,9300.005,scroll,0,3551
810,1535,9312.64,scroll,0,3541
810,1535,9338.67,scroll,0,3521
810,1535,9364.695,scroll,0,3493
810,1535,9390.71,scroll,0,3476
810,1535,9403.705,scroll,0,3456
810,1535,9416.615,scroll,0,3435
810,1535,9430.735,scroll,0,3385
810,1535,9455.685,scroll,0,3357
810,1535,9468.62,scroll,0,3327
810,1535,9481.605,scroll,0,3262
810,1535,9507.695,scroll,0,3227
810,1535,9520.65,scroll,0,3190
810,1535,9533.63,scroll,0,3151
810,1535,9548.025,scroll,0,3068
810,1535,9572.66,scroll,0,3025
810,1535,9585.645,scroll,0,2980
810,1535,9598.895,scroll,0,2887
810,1535,9624.675,scroll,0,2838
810,1535,9637.68,scroll,0,2788
810,1535,9650.595,scroll,0,2738
810,1535,9665.63,scroll,0,2633
810,1535,9689.78,scroll,0,2580
810,1535,9702.905,scroll,0,2526
810,1535,9715.69,scroll,0,2417
810,1535,9741.695,scroll,0,2361
810,1535,9754.62,scroll,0,2306
810,1535,9767.64,scroll,0,2250
810,1535,9782.745,scroll,0,2138
810,1535,9806.645,scroll,0,2082
810,1535,9819.635,scroll,0,2026
810,1535,9832.575,scroll,0,1916
810,1535,9858.7,scroll,0,1861
810,1535,9871.675,scroll,0,1807
810,1535,9887.435,mousemove,0,1753
810,1535,9884.67,scroll,0,1753
810,1535,9899.435,mousemove,0,1696
810,1535,9898.915,scroll,0,1648
810,1535,9924.435,mousemove,0,1597
810,1535,9923.675,scroll,0,1597
810,1535,9936.435,mousemove,0,1547
810,1535,9936.72,scroll,0,1547
810,1535,9948.435,mousemove,0,1498
810,1535,9961.435,mouseout,0,1450
810,1535,9961.435,mouseover,0,1450
810,1535,9961.435,mousemove,0,1450
810,1535,9949.625,scroll,0,1450
810,1535,9973.435,mousemove,0,1450
810,1535,9975.625,scroll,0,1403
810,1535,9986.435,mousemove,0,1403
810,1535,9988.64,scroll,0,1358
810,1535,9998.435,mouseout,0,1358
810,1535,9998.435,mouseover,0,1358
810,1535,9998.435,mousemove,0,1358
810,1535,10011.435,mouseout,0,1313
810,1535,10011.435,mouseover,0,1313
810,1535,10011.435,mousemove,0,1313
810,1535,10001.63,scroll,0,1313
810,1535,10023.435,mousemove,0,1271
810,1535,10015.25,scroll,0,1230
810,1535,10036.435,mousemove,0,1230
810,1535,10040.705,scroll,0,1190
810,1535,10048.435,mousemove,0,1190
810,1535,10061.435,mouseout,0,1152
810,1535,10061.435,mouseover,0,1152
810,1535,10061.435,mousemove,0,1152
810,1535,10053.73,scroll,0,1152
810,1535,10073.435,mouseout,0,1116
810,1535,10073.435,mouseover,0,1116
810,1535,10073.435,mousemove,0,1116
810,1535,10067.07,scroll,0,1082
810,1535,10086.435,mouseout,0,1082
810,1535,10086.435,mouseover,0,1082
810,1535,10086.435,mousemove,0,1082
810,1535,10092.71,scroll,0,1049
810,1535,10098.435,mousemove,0,1049
810,1535,10109.435,mouseout,0,1018
810,1535,10109.435,mouseover,0,1018
810,1535,10109.435,mousemove,0,1018
810,1535,10105.71,scroll,0,1018
810,1535,10122.435,mousemove,0,990
810,1535,10118.76,scroll,0,990
810,1535,10134.435,mousemove,0,963
810,1535,10131.695,scroll,0,938
810,1535,10148.435,mousemove,0,938
810,1535,10159.435,mousemove,0,916
810,1535,10157.76,scroll,0,916
810,1535,10173.435,mousemove,0,895
810,1535,10170.765,scroll,0,895
810,1535,10185.435,mouseout,0,877
810,1535,10185.435,mouseover,0,877
810,1535,10185.435,mousemove,0,877
810,1535,10183.73,scroll,0,860
810,1535,10198.435,mousemove,0,860
810,1535,10210.435,mousemove,0,846
810,1535,10209.78,scroll,0,846
810,1535,10222.435,mouseout,0,835
810,1535,10222.435,mouseover,0,835
810,1535,10222.435,mousemove,0,835
810,1535,10222.79,scroll,0,835
810,1535,10235.435,mousemove,0,825
810,1535,10235.8,scroll,0,825
810,1535,10247.435,mousemove,0,825
810,1535,10260.435,mousemove,0,817
810,1535,10249.875,scroll,0,813
810,1535,10272.435,mousemove,0,813
810,1535,10274.7,scroll,0,810
810,1535,10284.435,mousemove,0,810
810,1535,10297.435,mousemove,0,810
810,1535,10533.435,mousemove,0,810
810,1535,10546.435,mouseout,0,810
810,1535,10546.435,mouseover,0,810
810,1535,10546.435,mousemove,0,810
810,1535,10558.435,mousemove,0,810
810,1535,10571.435,mousemove,0,810
810,1535,10582.435,mousemove,0,810
810,1535,10595.435,mousemove,0,810
810,1535,10607.435,mouseout,0,810
810,1535,10607.435,mouseover,0,810
810,1535,10607.435,mousemove,0,810
810,1535,10620.435,mousemove,0,810
810,1535,10632.435,mousemove,0,810
810,1535,10644.435,mousemove,0,810
810,1535,10657.435,mousemove,0,810
810,1535,10669.435,mousemove,0,810
810,1535,10682.435,mousemove,0,810
810,1535,10694.435,mousemove,0,810
810,1535,10719.435,mousemove,0,810
810,1535,10893.435,mousemove,0,810
810,1535,10905.435,mousemove,0,810
810,1535,10918.435,mousemove,0,810
810,1535,11135.435,mousedown,0,810
810,1535,11143.88,focusout,0,810
810,1535,11144.695,focusin,0,810
810,1535,11235.435,mouseup,0,810
810,1535,11235.435,click,0,810
810,1535,11577.435,mouseout,0,810
810,1535,11577.435,mouseover,0,810
810,1535,11577.435,mousemove,0,810
810,1535,11589.435,mousemove,0,810
810,1535,11601.435,mousemove,0,810
810,1535,11614.435,mousemove,0,810
810,1535,11626.435,mousemove,0,810
810,1535,11639.435,mousemove,0,810
810,1535,11651.435,mousemove,0,810
810,1535,11664.435,mousemove,0,810
810,1535,11676.435,mousemove,0,810
810,1535,11689.435,mouseout,0,810
810,1535,11689.435,mouseover,0,810
810,1535,11689.435,mousemove,0,810
810,1535,11701.435,mousemove,0,810
810,1535,11713.435,mouseout,0,810
810,1535,11713.435,mouseover,0,810
810,1535,11713.435,mousemove,0,810
810,1535,11726.435,mousemove,0,810
810,1535,11738.435,mousemove,0,810
810,1535,11751.435,mousemove,0,810
810,1535,11763.435,mousemove,0,810
810,1535,11776.435,mouseout,0,810
810,1535,11776.435,mouseover,0,810
810,1535,11776.435,mousemove,0,810
810,1535,11788.435,mouseout,0,810
810,1535,11788.435,mouseover,0,810
810,1535,11788.435,mousemove,0,810
810,1535,11800.435,mouseout,0,810
810,1535,11800.435,mouseover,0,810
810,1535,11800.435,mousemove,0,810
810,1535,11813.435,mouseout,0,810
810,1535,11813.435,mouseover,0,810
810,1535,11813.435,mousemove,0,810
810,1535,11825.435,mousemove,0,810
810,1535,11838.435,mousemove,0,810
810,1535,11850.435,mousemove,0,810
810,1535,11863.435,mousemove,0,810
810,1535,11875.435,mouseout,0,810
810,1535,12136.435,mouseover,0,810
810,1535,12136.435,mousemove,0,810
810,1535,12148.435,mousemove,0,810
810,1535,12161.435,mousemove,0,810
810,1535,12173.435,mousemove,0,810
810,1535,12186.435,mousemove,0,810
810,1535,12199.435,mousemove,0,810
810,1535,12211.435,mousemove,0,810
810,1535,12223.435,mousemove,0,810
810,1535,12236.435,mousemove,0,810
810,1535,12645.435,mousemove,0,810
810,1535,12658.435,mousemove,0,810
810,1535,12670.435,mousemove,0,810
810,1535,12683.435,mousemove,0,810
810,1535,12695.435,mousemove,0,810
810,1535,12708.435,mouseout,0,810
810,1535,12708.435,mouseover,0,810
810,1535,12708.435,mousemove,0,810
810,1535,12720.435,mousemove,0,810
810,1535,12732.435,mousemove,0,810
810,1535,12745.435,mousemove,0,810
810,1535,12757.435,mousemove,0,810
810,1535,12770.435,mousemove,0,810
810,1535,12782.435,mousemove,0,810
810,1535,12795.435,mousemove,0,810
810,1535,12807.435,mousemove,0,810
810,1535,12819.435,mousemove,0,810
810,1535,12832.435,mouseout,0,810
810,1535,12832.435,mouseover,0,810
810,1535,12832.435,mousemove,0,810
810,1535,12844.435,mousemove,0,810
810,1535,12857.435,mousemove,0,810
810,1535,12869.435,mousemove,0,810
810,1535,12882.435,mousemove,0,810
810,1535,12894.435,mouseout,0,810
810,1535,12894.435,mouseover,0,810
810,1535,12894.435,mousemove,0,810
810,1535,12907.435,mousemove,0,810
810,1535,12919.435,mousemove,0,810
810,1535,12932.435,mousemove,0,810
810,1535,13130.435,mousemove,0,810
810,1535,13144.435,mousemove,0,810
810,1535,13180.435,mousemove,0,810
810,1535,13192.435,mouseout,0,810
810,1535,13192.435,mouseover,0,810
810,1535,13192.435,mousemove,0,810
810,1535,13205.435,mousemove,0,810
810,1535,13217.435,mousemove,0,810
810,1535,13231.435,mouseout,0,810
810,1535,13231.435,mouseover,0,810
810,1535,13231.435,mousemove,0,810
810,1535,13242.435,mousemove,0,810
810,1535,13254.435,mousemove,0,810
810,1535,13267.435,mousemove,0,810
810,1535,13279.435,mousemove,0,810
810,1535,13292.435,mousemove,0,810
810,1535,13304.435,mousemove,0,810
810,1535,13317.435,mousemove,0,810
810,1535,13329.435,mousemove,0,810
810,1535,13342.435,mousemove,0,810
810,1535,13354.435,mousemove,0,810
810,1535,13367.435,mousemove,0,810
810,1535,13379.435,mousemove,0,810
810,1535,13392.435,mousemove,0,810
810,1535,13404.435,mousemove,0,810
810,1535,13417.435,mousemove,0,810
810,1535,13429.435,mousemove,0,810
810,1535,13442.435,mousemove,0,810
810,1535,13454.435,mousemove,0,810
810,1535,13467.435,mousemove,0,810
810,1535,13478.435,mousemove,0,810
810,1535,13491.435,mousemove,0,810
810,1535,13503.435,mousemove,0,810
810,1535,13516.435,mousemove,0,810
810,1535,13528.435,mousemove,0,810
810,1535,13541.435,mouseout,0,810
810,1535,13541.435,mouseover,0,810
810,1535,13541.435,mousemove,0,810
810,1535,13554.435,mousemove,0,810
810,1535,13565.435,mousemove,0,810
810,1535,13578.435,mousemove,0,810
810,1535,13591.435,mousemove,0,810
810,1535,13603.435,mousemove,0,810
810,1535,13615.435,mousemove,0,810
810,1535,13628.435,mousemove,0,810
810,1535,13640.435,mousemove,0,810
810,1535,13653.435,mousemove,0,810
810,1535,13665.435,mousemove,0,810
810,1535,13678.435,mousemove,0,810
810,1535,13690.435,mousemove,0,810
810,1535,13702.435,mouseout,0,810
810,1535,13702.435,mouseover,0,810
810,1535,13702.435,mousemove,0,810
810,1535,13715.435,mousemove,0,810
810,1535,13727.435,mousemove,0,810
810,1535,13740.435,mousemove,0,810
810,1535,13752.435,mouseout,0,810
810,1535,13752.435,mouseover,0,810
810,1535,13752.435,mousemove,0,810
810,1535,13764.435,mouseout,0,810
810,1535,13764.435,mouseover,0,810
810,1535,13764.435,mousemove,0,810
810,1535,13777.435,mouseout,0,810
810,1535,13777.435,mouseover,0,810
810,1535,13777.435,mousemove,0,810
810,1535,13789.435,mousemove,0,810
810,1535,13802.435,mouseout,0,810
810,1535,13802.435,mouseover,0,810
810,1535,13802.435,mousemove,0,810
810,1535,13814.435,mousemove,0,810
810,1535,13827.435,mousemove,0,810
810,1535,13839.435,mousemove,0,810
810,1535,13851.435,mousemove,0,810
810,1535,13863.435,mousemove,0,810
810,1535,13875.435,mousemove,0,810
810,1535,17405.435,mousemove,0,810
810,1535,17418.435,mousemove,0,810
810,1535,17430.435,mousemove,0,810
810,1535,17442.435,mousemove,0,810
810,1535,17455.435,mousemove,0,810
810,1535,17468.435,mousemove,0,810
810,1535,17481.435,mousemove,0,810
810,1535,17493.435,mousemove,0,810
810,1535,17506.435,mousemove,0,810
810,1535,17518.435,mousemove,0,810
810,1535,17530.435,mousemove,0,810
810,1535,17543.435,mouseout,0,810
810,1535,17543.435,mouseover,0,810
810,1535,17543.435,mousemove,0,810
810,1535,17554.435,mouseout,0,810
810,1535,17554.435,mouseover,0,810
810,1535,17554.435,mousemove,0,810
810,1535,17567.435,mousemove,0,810
810,1535,17580.435,mousemove,0,810
810,1535,17592.435,mouseout,0,810
810,1535,17592.435,mouseover,0,810
810,1535,17592.435,mousemove,0,810
810,1535,17605.435,mousemove,0,810
810,1535,17617.435,mousemove,0,810
810,1535,17629.435,mouseout,0,810
810,1535,17629.435,mouseover,0,810
810,1535,17629.435,mousemove,0,810
810,1535,17642.435,mouseout,0,810
810,1535,17642.435,mouseover,0,810
810,1535,17642.435,mousemove,0,810
810,1535,17654.435,mousemove,0,810
810,1535,17667.435,mousemove,0,810
810,1535,17679.435,mouseout,0,810
810,1535,17679.435,mouseover,0,810
810,1535,17679.435,mousemove,0,810
810,1535,17692.435,mouseout,0,810
810,1535,17692.435,mouseover,0,810
810,1535,17692.435,mousemove,0,810
810,1535,17704.435,mousemove,0,810
810,1535,17717.435,mouseout,0,810
810,1535,17717.435,mouseover,0,810
810,1535,17717.435,mousemove,0,810
810,1535,17729.435,mousemove,0,810
810,1535,17742.435,mousemove,0,810
810,1535,17754.435,mousemove,0,810
810,1535,17767.435,mousemove,0,810
810,1535,17779.435,mousemove,0,810
810,1535,17792.435,mousemove,0,810
810,1535,17804.435,mousemove,0,810
810,1535,17816.435,mousemove,0,810
810,1535,17829.435,mousemove,0,810
810,1535,17840.435,mousemove,0,810
810,1535,17853.435,mousemove,0,810
810,1535,17865.435,mousemove,0,810
810,1535,17878.435,mousemove,0,810
810,1535,81320.435,mousemove,0,810
810,1535,81333.435,mousemove,0,810
810,1535,81345.435,mousemove,0,810
810,1535,81358.435,mousemove,0,810
810,1535,81370.435,mousemove,0,810
810,1535,81383.435,mousemove,0,810
810,1535,81395.435,mousemove,0,810
810,1535,81408.435,mousemove,0,810
810,1535,81420.435,mouseout,0,810
810,1535,81420.435,mouseover,0,810
810,1535,81420.435,mousemove,0,810
810,1535,81433.435,mousemove,0,810
810,1535,81445.435,mouseout,0,810
810,1535,81445.435,mouseover,0,810
810,1535,81445.435,mousemove,0,810
810,1535,81457.435,mousemove,0,810
810,1535,81470.435,mousemove,0,810
810,1535,81482.435,mousemove,0,810
810,1535,81495.435,mousemove,0,810
810,1535,81507.435,mousemove,0,810
810,1535,81520.435,mousemove,0,810
810,1535,81532.435,mouseout,0,810
810,1535,81532.435,mouseover,0,810
810,1535,81532.435,mousemove,0,810
810,1535,81544.435,mousemove,0,810
810,1535,81556.435,mousemove,0,810
810,1535,81568.435,mousemove,0,810
810,1535,81581.435,mousemove,0,810
810,1535,81594.435,mousemove,0,810
810,1535,81607.435,mousemove,0,810
810,1535,81620.435,mousemove,0,810
810,1535,81631.435,mouseout,0,810
810,1535,81631.435,mouseover,0,810
810,1535,81631.435,mousemove,0,810
810,1535,81643.435,mousemove,0,810
810,1535,81656.435,mousemove,0,810
810,1535,81668.435,mousemove,0,810
810,1535,81682.435,mouseout,0,810
810,1535,81682.435,mouseover,0,810
810,1535,81682.435,mousemove,0,810
810,1535,81693.435,mousemove,0,810
810,1535,81706.435,mouseout,0,810
810,1535,81706.435,mouseover,0,810
810,1535,81706.435,mousemove,0,810
810,1535,81855.435,mousemove,0,810
810,1535,81867.435,mouseout,0,810
810,1535,81867.435,mouseover,0,810
810,1535,81867.435,mousemove,0,810
810,1535,81880.435,mousemove,0,810
810,1535,81892.435,mousemove,0,810
810,1535,81905.435,mousemove,0,810
810,1535,81917.435,mousemove,0,810
810,1535,81930.435,mousemove,0,810
810,1535,81943.435,mousemove,0,810
810,1535,81955.435,mousemove,0,810
810,1535,81967.435,mousemove,0,810
810,1535,81980.435,mousemove,0,810
810,1535,81992.435,mousemove,0,810
810,1535,82005.435,mousemove,0,810
810,1535,82017.435,mousemove,0,810
810,1535,82029.435,mousemove,0,810
810,1535,82041.435,mousemove,0,810
810,1535,82054.435,mousemove,0,810
810,1535,82067.435,mousemove,0,810
810,1535,82079.435,mousemove,0,810
810,1535,82091.435,mousemove,0,810
810,1535,82104.435,mousemove,0,810
810,1535,82116.435,mousemove,0,810
810,1535,82129.435,mouseout,0,810
810,1535,82129.435,mouseover,0,810
810,1535,82129.435,mousemove,0,810
810,1535,82141.435,mousemove,0,810
810,1535,82154.435,mousemove,0,810
810,1535,82166.435,mousemove,0,810
810,1535,82179.435,mousemove,0,810
810,1535,82191.435,mousemove,0,810
810,1535,82204.435,mousemove,0,810
810,1535,83036.435,mousedown,0,810
810,1535,83041.2,focusout,0,810
810,1535,83036.435,mouseup,0,810
810,1535,83036.435,click,0,810
810,1535,83446.435,mouseout,0,810
810,1535,83446.435,mouseover,0,810
810,1535,83446.435,mousemove,0,810
810,1535,83458.435,mousemove,0,810
810,1535,83471.435,mousemove,0,810
810,1535,83484.435,mousemove,0,810
810,1535,83496.435,mousemove,0,810
810,1535,83509.435,mousemove,0,810
810,1535,83520.435,mousemove,0,810
810,1535,83532.435,mouseout,0,810
810,1535,83532.435,mouseover,0,810
810,1535,83532.435,mousemove,0,810
810,1535,83545.435,mousemove,0,810
810,1535,83557.435,mousemove,0,810
810,1535,83570.435,mousemove,0,810
810,1535,83582.435,mousemove,0,810
810,1535,83595.435,mousemove,0,810
810,1535,91993.61,scroll,0,814
810,1535,92007.015,scroll,0,820
810,1535,92023.535,scroll,0,832
810,1535,92040.49,scroll,0,853
810,1535,92056.65,scroll,0,883
810,1535,92072.735,scroll,0,920
810,1535,92090.705,scroll,0,964
810,1535,92107.52,scroll,0,1013
810,1535,92123.885,scroll,0,1066
810,1535,92139.815,scroll,0,1118
810,1535,92157.485,scroll,0,1164
810,1535,92173.22,scroll,0,1200
810,1535,92189.925,scroll,0,1222
810,1535,92207.205,scroll,0,1233
810,1535,92223.935,scroll,0,1235
810,1535,92324.085,mousemove,0,1235
810,1535,92831.435,mousemove,0,1235
810,1535,92843.435,mousemove,0,1235
810,1535,92856.435,mousemove,0,1235
810,1535,92869.435,mousemove,0,1235
810,1535,92881.435,mousemove,0,1235
810,1535,92893.435,mousemove,0,1235
810,1535,92906.435,mousemove,0,1235
810,1535,92918.435,mousemove,0,1235
810,1535,92931.435,mousemove,0,1235
810,1535,92943.435,mousemove,0,1235
810,1535,92956.435,mouseout,0,1235
810,1535,92956.435,mouseover,0,1235
810,1535,92956.435,mousemove,0,1235
810,1535,92968.435,mousemove,0,1235
810,1535,92980.435,mousemove,0,1235
810,1535,92993.435,mousemove,0,1235
810,1535,93005.435,mousemove,0,1235
810,1535,95603.435,mousemove,0,1235
810,1535,95615.435,mousemove,0,1235
810,1535,95628.435,mousemove,0,1235
810,1535,95640.435,mousemove,0,1235
810,1535,95653.435,mousemove,0,1235
810,1535,95666.435,mousemove,0,1235
810,1535,95678.435,mousemove,0,1235
810,1535,95691.435,mouseout,0,1235
810,1535,95691.435,mouseover,0,1235
810,1535,95691.435,mousemove,0,1235
810,1535,95703.435,mousemove,0,1235
810,1535,95716.435,mousemove,0,1235
810,1535,95728.435,mousemove,0,1235
810,1535,95741.435,mousemove,0,1235
810,1535,95752.435,mousemove,0,1235
810,1535,95765.435,mousemove,0,1235
810,1535,95777.435,mousemove,0,1235
810,1535,95789.435,mouseout,0,1235
810,1535,95789.435,mouseover,0,1235
810,1535,95789.435,mousemove,0,1235
810,1535,95802.435,mousemove,0,1235
810,1535,95814.435,mousemove,0,1235
810,1535,95827.435,mousemove,0,1235
810,1535,95839.435,mousemove,0,1235
810,1535,95852.435,mousemove,0,1235
810,1535,95865.435,mouseout,0,1235
810,1535,95865.435,mouseover,0,1235
810,1535,95865.435,mousemove,0,1235
810,1535,96196.815,scroll,0,1238
810,1535,96213.06,scroll,0,1245
810,1535,96229.96,scroll,0,1260
810,1535,96246.205,scroll,0,1293
810,1535,96262.81,scroll,0,1348
810,1535,96279.385,scroll,0,1417
810,1535,96296.08,scroll,0,1489
810,1535,96313.095,scroll,0,1559
810,1535,96330.115,scroll,0,1626
810,1535,96346.3,scroll,0,1681
810,1535,96363.525,scroll,0,1722
810,1535,96379.88,scroll,0,1748
810,1535,96396.73,scroll,0,1760
810,1535,96413.785,scroll,0,1763
810,1535,96513.9,mousemove,0,1763
810,1535,96530.72,scroll,0,1764
810,1535,96546.525,scroll,0,1778
810,1535,96563.015,scroll,0,1826
810,1535,96580.485,scroll,0,1920
810,1535,96596.855,scroll,0,2041
810,1535,96613.735,scroll,0,2183
810,1535,96630.245,scroll,0,2342
810,1535,96647.29,scroll,0,2494
810,1535,96664.05,scroll,0,2620
810,1535,96680.295,scroll,0,2711
810,1535,96696.985,scroll,0,2768
810,1535,96713.625,scroll,0,2806
810,1535,96730.89,scroll,0,2833
810,1535,96747.52,scroll,0,2852
810,1535,96763.575,scroll,0,2870
810,1535,96780.405,scroll,0,2885
810,1535,96797.585,scroll,0,2900
810,1535,96814.3,scroll,0,2914
810,1535,96830.2,scroll,0,2928
810,1535,96847.025,scroll,0,2942
810,1535,96863.765,scroll,0,2956
810,1535,96881.08,scroll,0,2971
810,1535,96897.49,scroll,0,2987
810,1535,96913.745,scroll,0,3004
810,1535,96931.085,scroll,0,3021
810,1535,96947.385,scroll,0,3038
810,1535,96964.035,scroll,0,3056
810,1535,96980.83,scroll,0,3075
810,1535,96997.175,scroll,0,3100
810,1535,97014.55,scroll,0,3158
810,1535,97031.19,scroll,0,3265
810,1535,97048.07,scroll,0,3385
810,1535,97064.34,scroll,0,3513
810,1535,97081.31,scroll,0,3625
810,1535,97097.09,scroll,0,3701
810,1535,97107.435,mouseout,0,3701
810,1535,97107.435,mouseover,0,3701
810,1535,97107.435,mousemove,0,3701
810,1535,97114.195,scroll,0,3735
810,1535,97131.325,scroll,0,3740
810,1535,97231.455,mouseout,0,3740
810,1535,97231.455,mouseover,0,3740
810,1535,97231.455,mousemove,0,3740
810,1535,97798.42,scroll,0,3739
810,1535,97832.29,scroll,0,3737
810,1535,97848.735,scroll,0,3726
810,1535,97865.75,scroll,0,3700
810,1535,97882.11,scroll,0,3638
810,1535,97898.415,scroll,0,3530
810,1535,97916.22,scroll,0,3377
810,1535,97932.515,scroll,0,3213
810,1535,97949.445,scroll,0,3060
810,1535,97965.98,scroll,0,2928
810,1535,97982.485,scroll,0,2818
810,1535,97999.18,scroll,0,2728
810,1535,98015.8,scroll,0,2657
810,1535,98032.33,scroll,0,2605
810,1535,98049.2,scroll,0,2566
810,1535,98065.625,scroll,0,2533
810,1535,98082.285,scroll,0,2504
810,1535,98098.99,scroll,0,2478
810,1535,98116.195,scroll,0,2458
810,1535,98132.755,scroll,0,2444
810,1535,98149.555,scroll,0,2428
810,1535,98165.63,scroll,0,2387
810,1535,98182.525,scroll,0,2308
810,1535,98198.975,scroll,0,2194
810,1535,98215.465,scroll,0,2046
810,1535,98232.54,scroll,0,1865
810,1535,98249.17,scroll,0,1684
810,1535,98266.355,scroll,0,1524
810,1535,98282.45,scroll,0,1388
810,1535,98299.49,scroll,0,1277
810,1535,98316.095,scroll,0,1189
810,1535,98332.405,scroll,0,1121
810,1535,98349.78,scroll,0,1068
810,1535,98365.94,scroll,0,1023
810,1535,98382.58,scroll,0,983
810,1535,98399.265,scroll,0,947
810,1535,98416.05,scroll,0,912
810,1535,98432.8,scroll,0,880
810,1535,98437.435,mouseout,0,880
810,1535,98437.435,mouseover,0,880
810,1535,98437.435,mousemove,0,880
810,1535,98449.88,scroll,0,850
810,1535,98450.435,mouseout,0,850
810,1535,98450.435,mouseover,0,850
810,1535,98450.435,mousemove,0,850
810,1535,98462.435,mousemove,0,850
810,1535,98466.715,scroll,0,823
810,1535,98475.435,mousemove,0,823
810,1535,98483.29,scroll,0,802
810,1535,98487.435,mouseout,0,802
810,1535,98487.435,mouseover,0,802
810,1535,98487.435,mousemove,0,802
810,1535,98499.805,scroll,0,785
810,1535,98499.435,mousemove,0,785
810,1535,98512.435,mousemove,0,785
810,1535,98516.365,scroll,0,774
810,1535,98524.435,mousemove,0,774
810,1535,98532.9,scroll,0,767
810,1535,98537.435,mousemove,0,767
810,1535,98550.035,scroll,0,763
810,1535,98549.435,mousemove,0,763
810,1535,98562.435,mousemove,0,763
810,1535,98566.23,scroll,0,762
810,1535,98574.435,mousemove,0,762
810,1535,98587.435,mousemove,0,762
810,1535,98599.435,mousemove,0,762
810,1535,98611.435,mousemove,0,762
810,1535,98624.435,mousemove,0,762
810,1535,98636.435,mousemove,0,762
810,1535,98649.435,mousemove,0,762
810,1535,98661.435,mousemove,0,762
810,1535,98674.435,mouseout,0,762
810,1535,98674.435,mouseover,0,762
810,1535,98674.435,mousemove,0,762
810,1535,98686.435,mousemove,0,762
810,1535,98698.435,mousemove,0,762
810,1535,98711.435,mousemove,0,762
810,1535,98723.435,mouseout,0,762
810,1535,98723.435,mouseover,0,762
810,1535,98723.435,mousemove,0,762
810,1535,98736.435,mousemove,0,762
810,1535,98748.435,mouseout,0,762
810,1535,98748.435,mouseover,0,762
810,1535,98748.435,mousemove,0,762
810,1535,98761.435,mousemove,0,762
810,1535,98773.435,mousemove,0,762
810,1535,98798.435,mousemove,0,762
810,1535,98810.435,mousemove,0,762
810,1535,98835.435,mousemove,0,762
810,1535,98848.435,mousemove,0,762
810,1535,98860.435,mousemove,0,762
810,1535,98873.435,mousemove,0,762
810,1535,98885.435,mousemove,0,762
810,1535,98898.435,mousemove,0,762
810,1535,98910.435,mousemove,0,762
810,1535,98922.435,mousemove,0,762
810,1535,98935.435,mousemove,0,762
810,1535,98947.435,mousemove,0,762
810,1535,98960.435,mousemove,0,762
810,1535,98972.435,mousemove,0,762
810,1535,98985.435,mousemove,0,762
810,1535,98997.435,mouseout,0,762
810,1535,98997.435,mouseover,0,762
810,1535,98997.435,mousemove,0,762
810,1535,99009.435,mousemove,0,762
810,1535,99022.435,mouseout,0,762
810,1535,99022.435,mouseover,0,762
810,1535,99022.435,mousemove,0,762
810,1535,99073.435,mousedown,0,762
810,1535,99132.435,mouseup,0,762
810,1535,99132.435,click,0,762
810,1535,99581.435,mousemove,0,762
810,1535,99594.435,mousemove,0,762
810,1535,99606.435,mousemove,0,762
810,1535,99619.435,mousemove,0,762
810,1535,99630.435,mouseout,0,762
810,1535,99630.435,mouseover,0,762
810,1535,99630.435,mousemove,0,762
810,1535,99643.435,mousemove,0,762
810,1535,99655.435,mousemove,0,762
810,1535,99668.435,mousemove,0,762
810,1535,99692.435,mousemove,0,762
810,1535,99705.435,mousemove,0,762
810,1535,99717.435,mousemove,0,762
810,1535,99754.435,mousemove,0,762
810,1535,99805.435,mousedown,0,762
810,1535,99808.49,focusin,0,762
810,1535,99866.435,mouseup,0,762
810,1535,99894.855,scroll,0,764
810,1535,99907.795,scroll,0,768
810,1535,99920.845,scroll,0,779
810,1535,99946.84,scroll,0,787
810,1535,99959.855,scroll,0,796
810,1535,99972.93,scroll,0,806
810,1535,99986.69,scroll,0,831
810,1535,100011.815,scroll,0,845
810,1535,100024.89,scroll,0,861
810,1535,100037.805,scroll,0,896
810,1535,100063.94,scroll,0,915
810,1535,100076.995,scroll,0,935
810,1535,100089.92,scroll,0,956
810,1535,100104.35,scroll,0,1002
810,1535,100128.89,scroll,0,1027
810,1535,100141.88,scroll,0,1052
810,1535,100154.845,scroll,0,1105
810,1535,100180.945,scroll,0,1133
810,1535,100193.965,scroll,0,1162
810,1535,100202.435,mousemove,0,1162
810,1535,100206.83,scroll,0,1191
810,1535,100221.105,scroll,0,1252
810,1535,100245.935,scroll,0,1284
810,1535,100252.435,mouseout,0,1284
810,1535,100252.435,mouseover,0,1284
810,1535,100252.435,mousemove,0,1284
810,1535,100264.435,mousemove,0,1315
810,1535,100258.91,scroll,0,1315
810,1535,100277.435,mousemove,0,1348
810,1535,100271.865,scroll,0,1380
810,1535,100289.435,mouseout,0,1380
810,1535,100289.435,mouseover,0,1380
810,1535,100289.435,mousemove,0,1380
810,1535,100297.955,scroll,0,1414
810,1535,100302.435,mousemove,0,1414
810,1535,100314.435,mousemove,0,1447
810,1535,100310.975,scroll,0,1447
810,1535,100327.435,mousemove,0,1481
810,1535,100323.84,scroll,0,1481
810,1535,100339.435,mousemove,0,1514
810,1535,100337.16,scroll,0,1548
810,1535,100352.435,mousemove,0,1548
810,1535,100364.435,mouseout,0,1582
810,1535,100364.435,mouseover,0,1582
810,1535,100364.435,mousemove,0,1582
810,1535,100362.89,scroll,0,1582
810,1535,100376.435,mousemove,0,1616
810,1535,100375.97,scroll,0,1616
810,1535,100389.435,mousemove,0,1650
810,1535,100401.435,mousemove,0,1684
810,1535,100388.875,scroll,0,1684
810,1535,100414.435,mousemove,0,1718
810,1535,100414.975,scroll,0,1718
810,1535,100426.435,mousemove,0,1718
810,1535,100428.375,scroll,0,1752
810,1535,100438.435,mousemove,0,1752
810,1535,100451.435,mousemove,0,1785
810,1535,100441.085,scroll,0,1785
810,1535,100463.435,mousemove,0,1818
810,1535,100454.125,scroll,0,1851
810,1535,100476.435,mousemove,0,1851
810,1535,100479.895,scroll,0,1883
810,1535,100488.435,mousemove,0,1883
810,1535,100501.435,mousemove,0,1915
810,1535,100492.91,scroll,0,1915
810,1535,100513.435,mousemove,0,1946
810,1535,100505.87,scroll,0,1976
810,1535,100531.935,scroll,0,2006
810,1535,100538.435,mousemove,0,2006
810,1535,100551.435,mousemove,0,2036
810,1535,100544.885,scroll,0,2036
810,1535,100563.435,mousemove,0,2064
810,1535,100557.97,scroll,0,2064
810,1535,100575.435,mousemove,0,2092
810,1535,100571.13,scroll,0,2119
810,1535,100588.435,mousemove,0,2119
810,1535,100600.435,mousemove,0,2145
810,1535,100596.945,scroll,0,2145
810,1535,100613.435,mousemove,0,2170
810,1535,100609.93,scroll,0,2170
810,1535,100625.435,mousemove,0,2194
810,1535,100622.895,scroll,0,2218
810,1535,100637.435,mousemove,0,2218
810,1535,100650.435,mousemove,0,2240
810,1535,100648.95,scroll,0,2240
810,1535,100662.435,mousemove,0,2261
810,1535,100661.975,scroll,0,2261
810,1535,100675.435,mousemove,0,2281
810,1535,100674.96,scroll,0,2281
810,1535,100687.435,mousemove,0,2300
810,1535,100700.435,mousemove,0,2317
810,1535,100687.84,scroll,0,2317
810,1535,100712.435,mousemove,0,2317
810,1535,100713.915,scroll,0,2334
810,1535,100724.435,mousemove,0,2334
810,1535,100726.87,scroll,0,2349
810,1535,100737.435,mousemove,0,2349
810,1535,100740.19,scroll,0,2363
810,1535,100754.95,scroll,0,2387
810,1535,100778.925,scroll,0,2397
810,1535,100786.435,mousemove,0,2397
810,1535,100791.96,scroll,0,2406
810,1535,100804.9,scroll,0,2419
810,1535,100830.965,scroll,0,2424
810,1535,100836.435,mousedown,0,2424
810,1535,100838.93,focusout,0,2424
810,1535,100843.985,scroll,0,2427
810,1535,100860.435,mouseup,0,2429
810,1535,100860.435,click,0,2429
810,1535,100856.925,scroll,0,2430
810,1535,100970.125,mousemove,0,2430
810,1535,101234.435,mousemove,0,2430
810,1535,101247.435,mousemove,0,2430
810,1535,101259.435,mouseout,0,2430
810,1535,101259.435,mouseover,0,2430
810,1535,101259.435,mousemove,0,2430
810,1535,101272.435,mousemove,0,2430
810,1535,101284.435,mousemove,0,2430
810,1535,101296.435,mousemove,0,2430
810,1535,101309.435,mousemove,0,2430
810,1535,101321.435,mousemove,0,2430
810,1535,101334.435,mousemove,0,2430
810,1535,101346.435,mousemove,0,2430
810,1535,101359.435,mousemove,0,2430
810,1535,101371.435,mousemove,0,2430
810,1535,101459.435,mousedown,0,2430
810,1535,101463.17,focusin,0,2430
810,1535,101494.435,mouseup,0,2430
810,1535,101512.675,scroll,0,2429
810,1535,101525.67,scroll,0,2428
810,1535,101541.355,scroll,0,2421
810,1535,101577.575,scroll,0,2417
810,1535,101590.585,scroll,0,2408
810,1535,101616.58,scroll,0,2402
810,1535,101629.59,scroll,0,2396
810,1535,101642.61,scroll,0,2389
810,1535,101656.805,scroll,0,2373
810,1535,101681.615,scroll,0,2364
810,1535,101694.595,scroll,0,2355
810,1535,101707.6,scroll,0,2335
810,1535,101733.615,scroll,0,2324
810,1535,101746.63,scroll,0,2313
810,1535,101759.605,scroll,0,2301
810,1535,101772.995,scroll,0,2276
810,1535,101798.59,scroll,0,2263
810,1535,101811.655,scroll,0,2249
810,1535,101824.55,scroll,0,2221
810,1535,101850.615,scroll,0,2206
810,1535,101863.65,scroll,0,2191
810,1535,101880.435,mousemove,0,2176
810,1535,101876.595,scroll,0,2176
810,1535,101893.435,mousemove,0,2160
810,1535,101889.515,scroll,0,2145
810,1535,101905.435,mouseout,0,2145
810,1535,101905.435,mouseover,0,2145
810,1535,101905.435,mousemove,0,2145
810,1535,101918.435,mousemove,0,2129
810,1535,101915.62,scroll,0,2129
810,1535,101930.435,mouseout,0,2113
810,1535,101930.435,mouseover,0,2113
810,1535,101930.435,mousemove,0,2113
810,1535,101928.53,scroll,0,2113
810,1535,101943.435,mousemove,0,2097
810,1535,101941.535,scroll,0,2080
810,1535,101955.435,mousemove,0,2080
810,1535,101968.435,mousemove,0,2064
810,1535,101967.62,scroll,0,2064
810,1535,101980.435,mousemove,0,2047
810,1535,101980.6,scroll,0,2047
810,1535,101993.435,mousemove,0,2031
810,1535,101993.61,scroll,0,2031
810,1535,102005.435,mouseout,0,2014
810,1535,102005.435,mouseover,0,2014
810,1535,102005.435,mousemove,0,2014
810,1535,102017.435,mousemove,0,2014
810,1535,102006.91,scroll,0,1998
810,1535,102030.435,mousemove,0,1998
810,1535,102032.64,scroll,0,1981
810,1535,102042.435,mousemove,0,1981
810,1535,102045.6,scroll,0,1965
810,1535,102055.435,mousemove,0,1965
810,1535,102068.435,mousemove,0,1949
810,1535,102058.555,scroll,0,1932
810,1535,102079.435,mousemove,0,1932
810,1535,102084.65,scroll,0,1916
810,1535,102097.625,scroll,0,1901
810,1535,102117.435,mousemove,0,1885
810,1535,102110.595,scroll,0,1885
810,1535,102129.435,mousemove,0,1870
810,1535,102123.5,scroll,0,1852
810,1535,102141.435,mousemove,0,1852
810,1535,102154.435,mouseout,0,1840
810,1535,102154.435,mouseover,0,1840
810,1535,102154.435,mousemove,0,1840
810,1535,102149.685,scroll,0,1840
810,1535,102166.435,mousemove,0,1825
810,1535,102162.715,scroll,0,1825
810,1535,102179.435,mousemove,0,1811
810,1535,102175.65,scroll,0,1797
810,1535,102191.435,mousemove,0,1797
810,1535,102204.435,mousemove,0,1783
810,1535,102201.64,scroll,0,1783
810,1535,102216.435,mousemove,0,1770
810,1535,102214.685,scroll,0,1770
810,1535,102228.435,mousemove,0,1758
810,1535,102227.695,scroll,0,1758
810,1535,102241.435,mouseout,0,1745
810,1535,102241.435,mouseover,0,1745
810,1535,102241.435,mousemove,0,1745
810,1535,102253.435,mousemove,0,1734
810,1535,102240.545,scroll,0,1734
810,1535,102266.435,mousemove,0,1722
810,1535,102266.705,scroll,0,1722
810,1535,102278.435,mousemove,0,1712
810,1535,102279.6,scroll,0,1712
810,1535,102291.435,mousemove,0,1712
810,1535,102303.435,mousemove,0,1701
810,1535,102292.635,scroll,0,1692
810,1535,102315.435,mousemove,0,1692
810,1535,102318.565,scroll,0,1683
810,1535,102328.435,mousemove,0,1683
810,1535,102331.725,scroll,0,1674
810,1535,102340.435,mouseout,0,1674
810,1535,102340.435,mouseover,0,1674
810,1535,102340.435,mousemove,0,1674
810,1535,102353.435,mousemove,0,1666
810,1535,102344.68,scroll,0,1666
810,1535,102365.435,mousemove,0,1659
810,1535,102357.59,scroll,0,1652
810,1535,102377.435,mousemove,0,1652
810,1535,102383.69,scroll,0,1646
810,1535,102390.435,mousemove,0,1646
810,1535,102402.435,mousemove,0,1640
810,1535,102396.675,scroll,0,1640
810,1535,102415.435,mousemove,0,1635
810,1535,102409.64,scroll,0,1635
810,1535,102427.435,mousemove,0,1631
810,1535,102423.4,scroll,0,1627
810,1535,102440.435,mousemove,0,1627
810,1535,102453.435,mousemove,0,1624
810,1535,102448.69,scroll,0,1624
810,1535,102465.435,mousemove,0,1622
810,1535,102461.68,scroll,0,1622
810,1535,102478.435,mousemove,0,1621
810,1535,102474.58,scroll,0,1620
810,1535,102490.435,mousemove,0,1620
810,1535,102503.435,mousemove,0,1620
810,1535,102515.435,mousemove,0,1620
810,1535,102527.435,mousemove,0,1620
810,1535,102539.435,mousemove,0,1620
810,1535,102552.435,mousemove,0,1620
810,1535,102564.435,mousemove,0,1620
810,1535,102577.435,mousemove,0,1620
810,1535,102589.435,mousemove,0,1620
810,1535,102602.435,mousemove,0,1620
810,1535,102614.435,mousemove,0,1620
810,1535,102626.435,mousemove,0,1620
810,1535,102639.435,mousemove,0,1620
810,1535,102651.435,mousemove,0,1620
810,1535,102664.435,mousemove,0,1620
810,1535,102763.435,mousedown,0,1620
810,1535,102766.165,focusout,0,1620
810,1535,102787.435,mouseup,0,1620
810,1535,102787.435,click,0,1620
810,1535,102999.435,mousemove,0,1620
810,1535,103012.435,mouseout,0,1620
810,1535,103012.435,mouseover,0,1620
810,1535,103012.435,mousemove,0,1620
810,1535,103024.435,mousemove,0,1620
810,1535,103038.435,mousemove,0,1620
810,1535,103049.435,mousemove,0,1620
810,1535,103062.435,mousemove,0,1620
810,1535,103098.435,mousemove,0,1620
810,1535,103187.435,mousedown,0,1620
810,1535,103190.815,focusin,0,1620
810,1535,103210.435,mouseup,0,1620
810,1535,103227.165,scroll,0,1619
810,1535,103240.895,scroll,0,1616
810,1535,103266.005,scroll,0,1614
810,1535,103278.95,scroll,0,1611
810,1535,103292.435,mousedown,0,1611
810,1535,103296.475,scroll,0,1603
810,1535,103317.97,scroll,0,1598
810,1535,103330.92,scroll,0,1592
810,1535,103343.88,scroll,0,1579
810,1535,103370.055,scroll,0,1572
810,1535,103382.985,scroll,0,1564
810,1535,103392.435,mouseup,0,1564
810,1535,103395.62,dblclick,0,1564
810,1535,103396.205,scroll,0,1555
810,1535,103409.085,scroll,0,1536
810,1535,103434.98,scroll,0,1526
810,1535,103448,scroll,0,1515
810,1535,103460.935,scroll,0,1492
810,1535,103487.01,scroll,0,1479
810,1535,103499.99,scroll,0,1467
810,1535,103512.98,scroll,0,1454
810,1535,103525.81,scroll,0,1426
810,1535,103552.01,scroll,0,1412
810,1535,103565.015,scroll,0,1397
810,1535,103577.95,scroll,0,1382
810,1535,103592.375,scroll,0,1352
810,1535,103617,scroll,0,1336
810,1535,103629.965,scroll,0,1320
810,1535,103642.895,scroll,0,1288
810,1535,103669.015,scroll,0,1272
810,1535,103681.96,scroll,0,1255
810,1535,103694.945,scroll,0,1222
810,1535,103721.01,scroll,0,1206
810,1535,103734,scroll,0,1189
810,1535,103747.015,scroll,0,1173
810,1535,103759.915,scroll,0,1140
810,1535,103786.05,scroll,0,1124
810,1535,103799.08,scroll,0,1108
810,1535,103812.01,scroll,0,1076
810,1535,103838.04,scroll,0,1061
810,1535,103850.985,scroll,0,1046
810,1535,103869.435,mousemove,0,1031
810,1535,103863.995,scroll,0,1031
810,1535,103882.435,mousemove,0,1016
810,1535,103876.955,scroll,0,1002
810,1535,103894.435,mousemove,0,1002
810,1535,103906.435,mousemove,0,988
810,1535,103903.085,scroll,0,988
810,1535,103919.435,mouseout,0,974
810,1535,103919.435,mouseover,0,974
810,1535,103919.435,mousemove,0,974
810,1535,103915.995,scroll,0,974
810,1535,103931.435,mousemove,0,961
810,1535,103929.015,scroll,0,961
810,1535,103944.435,mouseout,0,949
810,1535,103944.435,mouseover,0,949
810,1535,103944.435,mousemove,0,949
810,1535,103956.435,mousemove,0,936
810,1535,103942.25,scroll,0,936
810,1535,103969.435,mousemove,0,925
810,1535,103968.025,scroll,0,925
810,1535,103981.435,mousemove,0,913
810,1535,103981.065,scroll,0,913
810,1535,103994.435,mousemove,0,902
810,1535,104006.435,mousemove,0,892
810,1535,103993.9,scroll,0,892
810,1535,104019.435,mousemove,0,882
810,1535,104020.1,scroll,0,882
810,1535,104031.435,mousemove,0,882
810,1535,104033.32,scroll,0,873
810,1535,104044.435,mousemove,0,873
810,1535,104056.435,mousemove,0,865
810,1535,104046.02,scroll,0,865
810,1535,104068.435,mousemove,0,856
810,1535,104059.76,scroll,0,849
810,1535,104085.075,scroll,0,842
810,1535,104098.085,scroll,0,836
810,1535,104118.435,mousemove,0,831
810,1535,104110.975,scroll,0,826
810,1535,104137.085,scroll,0,821
810,1535,104143.435,mousemove,0,821
810,1535,104155.435,mousemove,0,818
810,1535,104150.05,scroll,0,818
810,1535,104167.435,mousemove,0,815
810,1535,104163.075,scroll,0,815
810,1535,104180.435,mousemove,0,812
810,1535,104176.71,scroll,0,811
810,1535,104192.435,mousemove,0,811
810,1535,104205.435,mousemove,0,810
810,1535,104202.045,scroll,0,810
810,1535,104218.435,mouseout,0,810
810,1535,104218.435,mouseover,0,810
810,1535,104218.435,mousemove,0,810
810,1535,104231.435,mousemove,0,810
810,1535,104243.435,mousemove,0,810
810,1535,104255.435,mousemove,0,810
810,1535,104268.435,mousemove,0,810
810,1535,104279.435,mousemove,0,810
810,1535,104292.435,mousemove,0,810
810,1535,104304.435,mousemove,0,810
810,1535,104329.435,mousemove,0,810
810,1535,104405.435,mousedown,0,810
810,1535,104407.6,focusout,0,810
810,1535,104407.795,focusin,0,810
810,1535,104466.435,mouseup,0,810
810,1535,104466.435,click,0,810
810,1535,104477.375,scroll,0,0
810,1535,104487.345,scroll,0,810
810,1535,104587.475,mouseout,0,810
810,1535,104587.475,mouseover,0,810
810,1535,104587.475,mousemove,0,810
810,1535,104876.435,mousemove,0,810
810,1535,104889.435,mousemove,0,810
810,1535,104901.435,mousemove,0,810
810,1535,104913.435,mousemove,0,810
810,1535,104926.435,mouseout,0,810
810,1535,104926.435,mouseover,0,810
810,1535,104926.435,mousemove,0,810
810,1535,104938.435,mousemove,0,810
810,1535,104951.435,mousemove,0,810
810,1535,104963.435,mousemove,0,810
810,1535,104976.435,mousemove,0,810
810,1535,104988.435,mousemove,0,810
810,1535,105001.435,mousemove,0,810
810,1535,105014.435,mousemove,0,810
810,1535,105026.435,mousemove,0,810
810,1535,105038.435,mousemove,0,810
810,1535,105050.435,mousemove,0,810
810,1535,105063.435,mousemove,0,810
810,1535,105075.435,mousemove,0,810
810,1535,105087.435,mousemove,0,810
810,1535,105099.435,mousemove,0,810
810,1535,105112.435,mousemove,0,810
810,1535,105124.435,mousemove,0,810
810,1535,105137.435,mousemove,0,810
810,1535,105149.435,mousemove,0,810
810,1535,105299.435,mousemove,0,810
810,1535,105311.435,mousemove,0,810
810,1535,105324.435,mousemove,0,810
810,1535,105336.435,mousemove,0,810
810,1535,105349.435,mousemove,0,810
810,1535,105361.435,mousemove,0,810
810,1535,105373.435,mousemove,0,810
810,1535,105386.435,mousemove,0,810
810,1535,105398.435,mousemove,0,810
810,1535,105411.435,mouseout,0,810
810,1535,106672.515,unload,0,810
